1,4 Linden Place,Los Angeles,California,90030,999
2,8922 Nancy Parkway,Fairbanks,Alaska,99709,998
3,16436 Sheridan Road,Minneapolis,Minnesota,55407,997
4,2 Village Green Crossing,Washington,District of Columbia,20508,996
5,16877 Magdeline Street,Ogden,Utah,84409,995
6,16 Fairview Junction,Austin,Texas,78715,994
7,72219 Upham Place,Omaha,Nebraska,68105,993
8,3986 Swallow Lane,Washington,District of Columbia,20210,992
9,64 Lerdahl Circle,El Paso,Texas,88519,991
10,4135 Schurz Junction,Topeka,Kansas,66617,990
11,27023 Sullivan Alley,Huntington,West Virginia,25775,989
12,225 Anhalt Plaza,Houston,Texas,77201,988
13,4510 Fuller Park,San Antonio,Texas,78296,987
14,7360 Graceland Court,Birmingham,Alabama,35231,986
15,4 Westend Pass,Milwaukee,Wisconsin,53263,985
16,493 Victoria Hill,Birmingham,Alabama,35244,984
17,2 North Pass,San Diego,California,92132,983
18,50319 Shopko Junction,Tulsa,Oklahoma,74133,982
19,34 Stuart Point,Los Angeles,California,90015,981
20,00 Farwell Hill,Oklahoma City,Oklahoma,73135,980
21,680 Arizona Road,Chicago,Illinois,60619,979
22,9 Elka Street,New York City,New York,10079,978
23,935 Montana Terrace,Anderson,South Carolina,29625,977
24,82677 David Crossing,Charlotte,North Carolina,28247,976
25,356 Vera Parkway,Sacramento,California,94257,975
26,84 Anderson Alley,Cincinnati,Ohio,45296,974
27,5805 Oak Valley Court,Baton Rouge,Louisiana,70805,973
28,5348 Kim Trail,Riverside,California,92505,972
29,762 Hintze Park,Young America,Minnesota,55557,971
30,3 Knutson Pass,Hartford,Connecticut,06152,970
31,7355 Sachs Hill,Grand Rapids,Michigan,49560,969
32,9 Harper Way,Lake Worth,Florida,33467,968
33,82 Warner Alley,Amarillo,Texas,79116,967
34,9511 Pawling Point,Fresno,California,93750,966
35,63352 Manufacturers Park,San Antonio,Texas,78250,965
36,211 Eggendart Circle,Buffalo,New York,14215,964
37,6059 Crescent Oaks Way,El Paso,Texas,88584,963
38,53111 Lindbergh Drive,Denver,Colorado,80279,962
39,01804 Green Ridge Place,Allentown,Pennsylvania,18105,961
40,75105 Ilene Road,Murfreesboro,Tennessee,37131,960
41,35 Mayer Alley,Modesto,California,95397,959
42,5 Warner Drive,Billings,Montana,59105,958
43,4 Kropf Place,Wichita,Kansas,67210,957
44,9 Lakeland Street,Concord,California,94522,956
45,7 Hauk Park,East Saint Louis,Illinois,62205,955
46,2 Mockingbird Court,Orlando,Florida,32825,954
47,92550 Longview Court,Bradenton,Florida,34205,953
48,5 3rd Way,Chicago,Illinois,60674,952
49,17 Service Court,Hattiesburg,Mississippi,39404,951
50,371 2nd Junction,Duluth,Minnesota,55811,950
51,1 Hooker Pass,Spartanburg,South Carolina,29319,949
52,2446 Ohio Terrace,Charleston,West Virginia,25331,948
53,0 Warbler Crossing,Oakland,California,94660,947
54,41 Kenwood Place,Chula Vista,California,91913,946
55,20291 Warner Center,South Lake Tahoe,California,96154,945
56,2 Calypso Terrace,Akron,Ohio,44305,944
57,80568 Spenser Avenue,Saint Petersburg,Florida,33715,943
58,39862 Sycamore Lane,Redwood City,California,94064,942
59,31 Bashford Junction,Dallas,Texas,75216,941
60,4046 Lunder Street,Melbourne,Florida,32919,940
61,94531 Graceland Center,Bronx,New York,10474,939
62,41 Vermont Circle,Virginia Beach,Virginia,23454,938
63,0024 Portage Center,El Paso,Texas,79989,937
64,6 Barby Point,Syracuse,New York,13210,936
65,4498 Sunbrook Plaza,Gulfport,Mississippi,39505,935
66,162 Eliot Way,York,Pennsylvania,17405,934
67,42 Lighthouse Bay Junction,Dayton,Ohio,45454,933
68,53 Butterfield Center,Grand Rapids,Michigan,49544,932
69,893 Badeau Drive,Atlanta,Georgia,30380,931
70,89 Donald Terrace,Albuquerque,New Mexico,87105,930
71,4 Schlimgen Plaza,Kansas City,Missouri,64136,929
72,25509 Red Cloud Way,Washington,District of Columbia,20380,928
73,7 Petterle Park,Des Moines,Iowa,50310,927
74,43393 Lakeland Trail,New York City,New York,10270,926
75,37 Del Sol Court,Hot Springs National Park,Arkansas,71914,925
76,02 Harbort Avenue,North Las Vegas,Nevada,89036,924
77,94 Pond Lane,Colorado Springs,Colorado,80915,923
78,030 Kinsman Point,Winston Salem,North Carolina,27157,922
79,412 Northland Alley,Kansas City,Missouri,64193,921
80,17231 Sutherland Terrace,Reno,Nevada,89505,920
81,854 New Castle Street,North Little Rock,Arkansas,72199,919
82,48 Melvin Center,El Paso,Texas,79945,918
83,1 Bunting Park,New York City,New York,10110,917
84,919 Swallow Place,Atlanta,Georgia,31132,916
85,4 Burning Wood Junction,Duluth,Georgia,30195,915
86,21 Vahlen Court,Sparks,Nevada,89436,914
87,74777 Warbler Circle,Largo,Florida,34643,913
88,89470 Algoma Court,Van Nuys,California,91406,912
89,885 Melby Junction,San Jose,California,95133,911
90,3577 Starling Pass,Austin,Texas,78754,910
91,26 Vidon Road,Philadelphia,Pennsylvania,19184,909
92,799 Jackson Drive,Springfield,Illinois,62711,908
93,9 Texas Parkway,Lawrenceville,Georgia,30045,907
94,8 Hallows Road,Minneapolis,Minnesota,55436,906
95,298 Golden Leaf Circle,Macon,Georgia,31217,905
96,43 Stoughton Parkway,Salt Lake City,Utah,84110,904
97,03 Carpenter Trail,Atlanta,Georgia,30328,903
98,258 Thierer Trail,Houston,Texas,77266,902
99,42856 Browning Road,Athens,Georgia,30610,901
100,98410 Lawn Court,Albuquerque,New Mexico,87190,900
101,259 Eastwood Lane,Shawnee Mission,Kansas,66276,899
102,15 Prairie Rose Junction,South Lake Tahoe,California,96154,898
103,39554 Clove Drive,Fresno,California,93740,897
104,1 Badeau Point,Topeka,Kansas,66622,896
105,219 Granby Terrace,Tyler,Texas,75799,895
106,15928 Jay Avenue,Washington,District of Columbia,56944,894
107,16097 Riverside Junction,Madison,Wisconsin,53716,893
108,9 Springs Pass,Washington,District of Columbia,20016,892
109,18 Norway Maple Park,Santa Monica,California,90410,891
110,4046 Straubel Place,Chicago,Illinois,60636,890
111,3285 East Lane,Saint Louis,Missouri,63126,889
112,707 Manley Circle,Lincoln,Nebraska,68510,888
113,97 Oak Point,Springfield,Illinois,62711,887
114,34124 Crest Line Parkway,Philadelphia,Pennsylvania,19115,886
115,58 Brentwood Lane,Portland,Oregon,97255,885
116,25434 Summerview Park,Huntington,West Virginia,25726,884
117,49 Upham Way,Huntington,West Virginia,25709,883
118,25555 Spaight Trail,Wichita,Kansas,67215,882
119,14908 Mayfield Center,Denton,Texas,76205,881
120,56 Buell Terrace,Erie,Pennsylvania,16522,880
121,138 Commercial Center,New York City,New York,10260,879
122,15 Manley Lane,Salem,Oregon,97312,878
123,3206 Cascade Center,Columbus,Ohio,43220,877
124,4208 Thierer Drive,Falls Church,Virginia,22047,876
125,05324 Daystar Road,Kansas City,Kansas,66112,875
126,0751 Spohn Pass,Nashville,Tennessee,37250,874
127,42663 Express Pass,Bradenton,Florida,34205,873
128,96639 Kingsford Road,Saint Louis,Missouri,63131,872
129,5208 Arrowood Avenue,Fort Wayne,Indiana,46825,871
130,1964 5th Crossing,Philadelphia,Pennsylvania,19146,870
131,83528 Calypso Court,Miami,Florida,33175,869
132,3206 Johnson Park,Dearborn,Michigan,48126,868
133,1 Lighthouse Bay Way,Fort Lauderdale,Florida,33336,867
134,7737 Becker Street,Mount Vernon,New York,10557,866
135,8 Pawling Pass,Boise,Idaho,83732,865
136,09 Anniversary Place,Winter Haven,Florida,33884,864
137,35 Reindahl Street,Omaha,Nebraska,68164,863
138,5 1st Hill,Fort Wayne,Indiana,46852,862
139,1265 Commercial Point,Lubbock,Texas,79452,861
140,86461 Longview Terrace,New Haven,Connecticut,06538,860
141,5 Eagle Crest Pass,El Paso,Texas,79989,859
142,05976 Dawn Street,Portland,Oregon,97201,858
143,1 Claremont Park,Pinellas Park,Florida,34665,857
144,68 Buhler Parkway,Orlando,Florida,32891,856
145,25507 Lakewood Place,Trenton,New Jersey,08638,855
146,45 Briar Crest Street,Spring,Texas,77386,854
147,900 Northport Circle,Pittsburgh,Pennsylvania,15261,853
148,951 Emmet Park,Washington,District of Columbia,20540,852
149,94 Transport Crossing,Chicago,Illinois,60630,851
150,270 Helena Parkway,Flushing,New York,11355,850
151,6898 Forest Place,Chicago,Illinois,60663,849
152,0 Westend Park,Houston,Texas,77266,848
153,4 2nd Point,Columbus,Ohio,43204,847
154,710 Hayes Parkway,Philadelphia,Pennsylvania,19151,846
155,1 Ilene Park,Youngstown,Ohio,44505,845
156,985 Hagan Pass,Detroit,Michigan,48224,844
157,75326 Shopko Junction,Harrisburg,Pennsylvania,17126,843
158,726 Bayside Way,New Orleans,Louisiana,70149,842
159,4451 Elka Circle,Washington,District of Columbia,20205,841
160,30045 Vernon Junction,Stockton,California,95205,840
161,4 Pennsylvania Road,Tucson,Arizona,85754,839
162,717 Bobwhite Junction,Miami,Florida,33134,838
163,561 Fair Oaks Crossing,Columbus,Ohio,43240,837
164,3 Leroy Court,San Jose,California,95160,836
165,04 Shopko Center,Littleton,Colorado,80127,835
166,5563 Algoma Lane,Milwaukee,Wisconsin,53285,834
167,40 Corben Circle,Dallas,Texas,75379,833
168,3 American Junction,Knoxville,Tennessee,37924,832
169,6 Cottonwood Center,Richmond,Virginia,23213,831
170,140 Mcguire Plaza,El Paso,Texas,79923,830
171,659 Grover Place,Providence,Rhode Island,02912,829
172,1 Saint Paul Pass,Humble,Texas,77346,828
173,7 Doe Crossing Center,Wichita,Kansas,67220,827
174,5541 Mayer Drive,San Francisco,California,94121,826
175,4352 Myrtle Park,Jackson,Mississippi,39216,825
176,949 Fisk Junction,Los Angeles,California,90050,824
177,93008 Ludington Trail,Boise,Idaho,83722,823
178,887 American Point,Knoxville,Tennessee,37924,822
179,7 Hintze Way,Washington,District of Columbia,20525,821
180,7421 Westend Point,New Orleans,Louisiana,70165,820
181,46 Dunning Way,Hartford,Connecticut,06183,819
182,422 Ridgeway Way,Modesto,California,95397,818
183,68882 Annamark Pass,Flushing,New York,11355,817
184,2 2nd Crossing,Pittsburgh,Pennsylvania,15215,816
185,683 Pennsylvania Place,Omaha,Nebraska,68105,815
186,2 Bartelt Trail,Davenport,Iowa,52804,814
187,8 Bluestem Hill,Fort Pierce,Florida,34981,813
188,6084 Moose Court,Indianapolis,Indiana,46247,812
189,87618 La Follette Pass,Zephyrhills,Florida,33543,811
190,57 Straubel Court,Buffalo,New York,14205,810
191,27923 Arrowood Drive,Delray Beach,Florida,33448,809
192,154 Del Mar Drive,Las Vegas,Nevada,89193,808
193,34 Haas Court,Houston,Texas,77095,807
194,88985 Washington Terrace,Huntington,West Virginia,25721,806
195,19730 Loeprich Hill,Charlotte,North Carolina,28230,805
196,932 Eggendart Court,Corpus Christi,Texas,78410,804
197,7958 Maryland Avenue,Sarasota,Florida,34276,803
198,7810 Melody Way,Des Moines,Iowa,50981,802
199,416 Randy Avenue,Amarillo,Texas,79165,801
200,46 Sachs Crossing,Washington,District of Columbia,20067,800
201,35170 Nova Lane,Las Vegas,Nevada,89105,799
202,841 Mariners Cove Street,New Orleans,Louisiana,70165,798
203,50 Vidon Point,Lehigh Acres,Florida,33972,797
204,12366 Mallard Circle,San Antonio,Texas,78235,796
205,00521 Hanson Parkway,Arlington,Virginia,22212,795
206,4 Norway Maple Pass,Dallas,Texas,75246,794
207,3 Valley Edge Plaza,Des Moines,Iowa,50369,793
208,88579 Huxley Junction,Jefferson City,Missouri,65105,792
209,8 Norway Maple Trail,Van Nuys,California,91499,791
210,6556 Rigney Court,Morgantown,West Virginia,26505,790
211,79839 John Wall Terrace,Savannah,Georgia,31416,789
212,87918 Continental Alley,Miami,Florida,33153,788
213,312 Fremont Way,New York City,New York,10115,787
214,547 Rockefeller Lane,Tulsa,Oklahoma,74133,786
215,769 Washington Place,New York City,New York,10150,785
216,59788 Sugar Street,Washington,District of Columbia,20404,784
217,58532 Crest Line Court,Washington,District of Columbia,20520,783
218,00 Pepper Wood Hill,Buffalo,New York,14269,782
219,862 Rockefeller Lane,Jackson,Mississippi,39282,781
220,0278 Jenifer Alley,Washington,District of Columbia,20599,780
221,86127 Sauthoff Parkway,Houston,Texas,77212,779
222,742 Mcbride Circle,Sacramento,California,94273,778
223,179 Lake View Park,Houston,Texas,77201,777
224,19133 Michigan Place,El Paso,Texas,88541,776
225,00 Hanover Lane,Port Washington,New York,11054,775
226,3454 Menomonie Point,Seattle,Washington,98158,774
227,3448 Holmberg Crossing,Warren,Ohio,44485,773
228,58 Morrow Circle,New York City,New York,10099,772
229,47330 Browning Avenue,Seattle,Washington,98185,771
230,69 Eggendart Hill,Dallas,Texas,75342,770
231,9671 Summerview Alley,Brooklyn,New York,11210,769
232,96 Evergreen Avenue,Los Angeles,California,90015,768
233,4 Moland Terrace,Tampa,Florida,33625,767
234,05663 Transport Hill,Young America,Minnesota,55573,766
235,24 Thierer Avenue,Tucson,Arizona,85737,765
236,2026 American Parkway,Warren,Ohio,44485,764
237,0127 Continental Junction,Austin,Texas,78778,763
238,8057 Badeau Terrace,Fort Lauderdale,Florida,33325,762
239,8 Little Fleur Center,Lexington,Kentucky,40510,761
240,84326 Sutteridge Circle,Anniston,Alabama,36205,760
241,6 Golf View Point,Louisville,Kentucky,40250,759
242,52407 Union Alley,Southfield,Michigan,48076,758
243,8 Schurz Court,San Antonio,Texas,78296,757
244,534 Straubel Pass,Sacramento,California,95833,756
245,154 Texas Drive,Seattle,Washington,98127,755
246,90814 Becker Circle,Roanoke,Virginia,24014,754
247,7 Bay Trail,South Bend,Indiana,46699,753
248,197 Surrey Drive,Tulsa,Oklahoma,74170,752
249,0139 Vera Avenue,Evansville,Indiana,47705,751
250,9 Namekagon Place,Silver Spring,Maryland,20910,750
251,3 Fieldstone Circle,Sioux Falls,South Dakota,57188,749
252,9 Rowland Hill,Littleton,Colorado,80127,748
253,8922 Cottonwood Drive,San Jose,California,95128,747
254,39307 Nancy Center,Duluth,Minnesota,55811,746
255,204 Charing Cross Avenue,Colorado Springs,Colorado,80905,745
256,7 Oak Valley Park,Cleveland,Ohio,44111,744
257,0 Jana Circle,Provo,Utah,84605,743
258,82624 Red Cloud Junction,Tacoma,Washington,98442,742
259,1005 Sauthoff Place,Albany,New York,12255,741
260,836 Johnson Drive,Pittsburgh,Pennsylvania,15215,740
261,01 High Crossing Place,Houston,Texas,77271,739
262,721 Ohio Junction,Stockton,California,95210,738
263,72383 Lake View Terrace,Fairfax,Virginia,22036,737
264,974 Spohn Center,Rochester,New York,14614,736
265,3174 Bay Avenue,El Paso,Texas,79950,735
266,5 Ridgeview Court,Baltimore,Maryland,21290,734
267,73672 Vidon Crossing,Boston,Massachusetts,02283,733
268,754 Pearson Alley,Indianapolis,Indiana,46226,732
269,6158 Rigney Drive,Bronx,New York,10474,731
270,39044 Kingsford Junction,Paterson,New Jersey,07505,730
271,26 Acker Drive,Mc Keesport,Pennsylvania,15134,729
272,0 Shopko Point,Birmingham,Alabama,35254,728
273,25198 Mesta Court,Boise,Idaho,83716,727
274,90466 Miller Way,Omaha,Nebraska,68124,726
275,59182 Ridgeview Junction,Saint Petersburg,Florida,33737,725
276,27074 Scott Terrace,Pensacola,Florida,32511,724
277,9 Bellgrove Place,Kansas City,Missouri,64130,723
278,6 Merrick Street,Lynchburg,Virginia,24503,722
279,02253 Sloan Parkway,Denver,Colorado,80204,721
280,7567 Montana Pass,Carson City,Nevada,89714,720
281,2098 Melvin Drive,Scottsdale,Arizona,85260,719
282,5682 Hanover Place,South Bend,Indiana,46614,718
283,21349 Lunder Pass,Milwaukee,Wisconsin,53263,717
284,5859 Northland Junction,Pasadena,California,91131,716
285,3 Morrow Way,Birmingham,Alabama,35220,715
286,2 Ridge Oak Trail,Washington,District of Columbia,20046,714
287,55823 Norway Maple Center,Los Angeles,California,90060,713
288,182 Hovde Drive,Los Angeles,California,90045,712
289,5 Lerdahl Trail,Sacramento,California,94245,711
290,08 Goodland Court,Philadelphia,Pennsylvania,19196,710
291,1 Dakota Street,Scottsdale,Arizona,85260,709
292,225 Lakeland Drive,Honolulu,Hawaii,96810,708
293,04 Quincy Parkway,Sacramento,California,95833,707
294,35 Dahle Court,Roanoke,Virginia,24040,706
295,7 Delladonna Junction,Everett,Washington,98206,705
296,84 Garrison Center,Raleigh,North Carolina,27635,704
297,75064 Prentice Crossing,Philadelphia,Pennsylvania,19172,703
298,7525 Hooker Parkway,Miami,Florida,33124,702
299,19477 Artisan Crossing,Birmingham,Alabama,35279,701
300,09 Hoard Way,Orlando,Florida,32854,700
301,3660 Steensland Alley,Pensacola,Florida,32526,699
302,3032 Buena Vista Center,Oxnard,California,93034,698
303,13 John Wall Pass,New York City,New York,10079,697
304,6 Vernon Street,Berkeley,California,94705,696
305,6599 Schurz Street,Van Nuys,California,91411,695
306,8 Parkside Point,Buffalo,New York,14220,694
307,18604 Express Plaza,Riverside,California,92519,693
308,0 Red Cloud Lane,Trenton,New Jersey,08650,692
309,5 Sunnyside Avenue,Colorado Springs,Colorado,80910,691
310,663 Gina Junction,Orlando,Florida,32813,690
311,3235 Grayhawk Circle,Pittsburgh,Pennsylvania,15235,689
312,96 Carberry Park,Mobile,Alabama,36689,688
313,30 Amoth Avenue,Palo Alto,California,94302,687
314,59048 Cottonwood Crossing,Fort Worth,Texas,76134,686
315,3 Claremont Junction,San Francisco,California,94177,685
316,426 Hagan Point,Fresno,California,93794,684
317,15416 Hauk Road,Danbury,Connecticut,06816,683
318,8458 Debs Alley,Columbia,Missouri,65218,682
319,3958 Delaware Drive,Youngstown,Ohio,44555,681
320,5 Armistice Circle,Lexington,Kentucky,40586,680
321,707 Novick Way,Birmingham,Alabama,35263,679
322,0483 Browning Plaza,Saint Louis,Missouri,63131,678
323,58909 Brentwood Trail,Falls Church,Virginia,22047,677
324,8 Lakewood Gardens Court,Pensacola,Florida,32520,676
325,41093 Melby Lane,Colorado Springs,Colorado,80935,675
326,1696 Havey Road,Houston,Texas,77035,674
327,8 Bobwhite Hill,Portland,Oregon,97201,673
328,807 Portage Circle,Chicago,Illinois,60686,672
329,39 Forest Run Lane,Newark,Delaware,19714,671
330,17853 Mallory Junction,Boise,Idaho,83711,670
331,3 Scoville Court,Moreno Valley,California,92555,669
332,33 Blue Bill Park Crossing,Saint Louis,Missouri,63180,668
333,0548 Thierer Point,Charleston,West Virginia,25305,667
334,258 Kipling Center,Tulsa,Oklahoma,74103,666
335,5148 Nobel Junction,San Jose,California,95173,665
336,3 Kedzie Park,Houston,Texas,77281,664
337,8357 East Road,Ventura,California,93005,663
338,344 Corben Point,Juneau,Alaska,99812,662
339,0743 Express Court,Chicago,Illinois,60669,661
340,65 Packers Crossing,Dallas,Texas,75246,660
341,9984 Scott Park,Bronx,New York,10469,659
342,2 Westridge Road,Anderson,South Carolina,29625,658
343,2632 Crowley Alley,Milwaukee,Wisconsin,53225,657
344,9777 Buena Vista Alley,Kansas City,Missouri,64149,656
345,9241 Bay Plaza,Jackson,Mississippi,39282,655
346,390 Nobel Parkway,Texarkana,Texas,75507,654
347,376 6th Point,Oakland,California,94611,653
348,8157 Schurz Trail,San Francisco,California,94126,652
349,422 Farmco Trail,Myrtle Beach,South Carolina,29579,651
350,24 Bartillon Hill,Tampa,Florida,33686,650
351,2 Sauthoff Park,Tampa,Florida,33605,649
352,93505 Lawn Plaza,Amarillo,Texas,79176,648
353,1846 Huxley Trail,Tulsa,Oklahoma,74133,647
354,8782 Monica Hill,Birmingham,Alabama,35290,646
355,53859 Stang Drive,Colorado Springs,Colorado,80920,645
356,5631 Onsgard Lane,Sacramento,California,94245,644
357,9 Rowland Junction,Milwaukee,Wisconsin,53225,643
358,28200 Truax Junction,Ridgely,Maryland,21684,642
359,67691 Alpine Hill,New Orleans,Louisiana,70165,641
360,52809 Pankratz Place,Charlotte,North Carolina,28263,640
361,5 5th Plaza,San Luis Obispo,California,93407,639
362,3 Schiller Lane,Columbus,Ohio,43210,638
363,0808 5th Place,Pasadena,California,91117,637
364,09 Packers Hill,El Paso,Texas,79945,636
365,632 Cambridge Terrace,Buffalo,New York,14215,635
366,66 Linden Pass,Akron,Ohio,44315,634
367,9443 Kim Trail,Hollywood,Florida,33028,633
368,6 Schiller Avenue,Paterson,New Jersey,07544,632
369,6905 Gateway Lane,Philadelphia,Pennsylvania,19120,631
370,6500 Sherman Junction,Fort Pierce,Florida,34981,630
371,92986 Pankratz Point,Springfield,Massachusetts,01114,629
372,994 East Junction,Tulsa,Oklahoma,74141,628
373,153 Pine View Junction,Minneapolis,Minnesota,55436,627
374,9 Vahlen Pass,Fresno,California,93786,626
375,4019 Scofield Plaza,Tampa,Florida,33647,625
376,05 Chive Circle,Corpus Christi,Texas,78465,624
377,6833 Birchwood Plaza,Fort Worth,Texas,76198,623
378,11759 Sachtjen Avenue,Akron,Ohio,44315,622
379,4459 Vera Plaza,Migrate,Kentucky,41905,621
380,51476 Pennsylvania Road,Saginaw,Michigan,48609,620
381,2742 Meadow Vale Center,San Antonio,Texas,78255,619
382,1 Victoria Pass,Muskegon,Michigan,49444,618
383,174 Cordelia Junction,Atlanta,Georgia,30343,617
384,14 Carioca Plaza,Atlanta,Georgia,30375,616
385,4003 Haas Street,Colorado Springs,Colorado,80951,615
386,83 Ronald Regan Place,Birmingham,Alabama,35210,614
387,60 Crowley Park,Fort Myers,Florida,33994,613
388,51 Arizona Way,Shawnee Mission,Kansas,66215,612
389,7003 Mandrake Road,Lancaster,California,93584,611
390,0413 Brown Lane,San Francisco,California,94132,610
391,52 Cordelia Junction,Amarillo,Texas,79159,609
392,05085 Dapin Pass,Corona,California,92883,608
393,340 Delaware Junction,Dallas,Texas,75367,607
394,771 Lukken Way,Baton Rouge,Louisiana,70820,606
395,89 Almo Junction,Washington,District of Columbia,20205,605
396,56916 Anthes Center,Monticello,Minnesota,55585,604
397,4 Surrey Way,Columbus,Ohio,43220,603
398,24812 Artisan Alley,Rochester,New York,14624,602
399,156 International Junction,Washington,District of Columbia,20051,601
400,865 Pearson Center,Fort Worth,Texas,76129,600
401,4 Nelson Point,Los Angeles,California,90045,599
402,93205 Sage Parkway,Minneapolis,Minnesota,55470,598
403,018 Novick Drive,Houston,Texas,77276,597
404,63 Towne Park,Kent,Washington,98042,596
405,904 Independence Crossing,Levittown,Pennsylvania,19058,595
406,4278 Vera Road,Memphis,Tennessee,38109,594
407,425 Talmadge Pass,Sarasota,Florida,34238,593
408,6349 Dottie Court,Austin,Texas,78726,592
409,9 Sullivan Center,Huntington,West Virginia,25709,591
410,41884 Goodland Avenue,Fort Lauderdale,Florida,33325,590
411,346 Anhalt Pass,New York City,New York,10034,589
412,96802 Lakewood Park,Austin,Texas,78732,588
413,0871 Pankratz Court,Chico,California,95973,587
414,01957 Anthes Center,Salem,Oregon,97306,586
415,3 Scoville Way,Youngstown,Ohio,44511,585
416,5226 Rieder Place,Jamaica,New York,11407,584
417,50033 Dixon Park,Dallas,Texas,75277,583
418,817 Duke Lane,Grand Rapids,Michigan,49544,582
419,0122 Tomscot Way,Atlanta,Georgia,30351,581
420,53 Nevada Pass,Dallas,Texas,75358,580
421,85976 Eagan Crossing,Virginia Beach,Virginia,23459,579
422,72340 Oak Alley,Fargo,North Dakota,58106,578
423,20104 Fisk Center,Sparks,Nevada,89436,577
424,3 Monica Plaza,Akron,Ohio,44393,576
425,8 Lotheville Center,Topeka,Kansas,66611,575
426,95857 Bowman Court,Denver,Colorado,80223,574
427,42 Gerald Alley,Savannah,Georgia,31416,573
428,49 Summit Way,Peoria,Illinois,61640,572
429,38 Becker Way,Kalamazoo,Michigan,49006,571
430,15463 Porter Drive,Reno,Nevada,89595,570
431,7285 Northfield Place,Long Beach,California,90805,569
432,75 Oak Trail,Stockton,California,95210,568
433,829 Sunbrook Center,Austin,Texas,78789,567
434,323 Shelley Trail,Cedar Rapids,Iowa,52410,566
435,1 7th Place,El Paso,Texas,88546,565
436,0781 Garrison Trail,Huntington,West Virginia,25709,564
437,9014 Coleman Plaza,Elmira,New York,14905,563
438,888 Linden Avenue,Tulsa,Oklahoma,74156,562
439,32589 Warbler Road,Cincinnati,Ohio,45243,561
440,188 High Crossing Road,Pensacola,Florida,32520,560
441,0562 Sundown Way,Reading,Pennsylvania,19610,559
442,92 Vahlen Road,Chicago,Illinois,60674,558
443,2226 Bunker Hill Street,New York City,New York,10039,557
444,85 Fairfield Park,Shreveport,Louisiana,71115,556
445,8 Sheridan Hill,Pensacola,Florida,32526,555
446,0 Grasskamp Court,San Antonio,Texas,78255,554
447,523 Montana Trail,Baltimore,Maryland,21281,553
448,9334 Eliot Terrace,Huntington,West Virginia,25709,552
449,6 Maywood Street,San Jose,California,95108,551
450,49952 Ronald Regan Road,Washington,District of Columbia,20099,550
451,933 Linden Parkway,Oklahoma City,Oklahoma,73190,549
452,2 Browning Place,Brooklyn,New York,11247,548
453,319 Laurel Hill,Pittsburgh,Pennsylvania,15286,547
454,7 Hallows Avenue,Washington,District of Columbia,20041,546
455,65177 Village Green Alley,Charleston,South Carolina,29424,545
456,95627 Emmet Parkway,Washington,District of Columbia,20073,544
457,00 Sage Point,Silver Spring,Maryland,20910,543
458,2840 Northfield Avenue,Albany,New York,12242,542
459,59 Havey Circle,Pittsburgh,Pennsylvania,15279,541
460,98959 Messerschmidt Way,Palmdale,California,93591,540
461,6 Mayer Center,Clearwater,Florida,33758,539
462,6 Sycamore Court,Nashville,Tennessee,37205,538
463,967 Rieder Place,Maple Plain,Minnesota,55579,537
464,303 Village Hill,Longview,Texas,75605,536
465,7367 Hanover Avenue,Saint Paul,Minnesota,55146,535
466,23238 Pierstorff Point,Tampa,Florida,33605,534
467,2364 Maple Wood Trail,Virginia Beach,Virginia,23471,533
468,232 Veith Trail,New York City,New York,10079,532
469,4479 Lerdahl Lane,Washington,District of Columbia,20005,531
470,23 Hazelcrest Street,Washington,District of Columbia,20046,530
471,2 Myrtle Park,Houston,Texas,77223,529
472,75483 Warbler Drive,Pasadena,Texas,77505,528
473,763 1st Terrace,Bismarck,North Dakota,58505,527
474,23 Amoth Trail,Austin,Texas,78703,526
475,719 Rutledge Street,El Paso,Texas,88569,525
476,09055 Schiller Point,Saint Paul,Minnesota,55103,524
477,576 Eastwood Drive,Las Vegas,Nevada,89150,523
478,1287 Oak Plaza,Fort Collins,Colorado,80525,522
479,1 Rutledge Way,Reno,Nevada,89550,521
480,61372 Spohn Circle,Milwaukee,Wisconsin,53285,520
481,226 Huxley Circle,Akron,Ohio,44393,519
482,4 Clemons Drive,Montgomery,Alabama,36114,518
483,4 Debs Trail,Springfield,Missouri,65805,517
484,8 Colorado Parkway,Lima,Ohio,45807,516
485,1168 Scofield Court,Warren,Michigan,48092,515
486,42 Bunker Hill Point,Irving,Texas,75062,514
487,56867 Hallows Park,Saint Louis,Missouri,63126,513
488,23 Pierstorff Hill,Stamford,Connecticut,06922,512
489,6 Loftsgordon Drive,Jackson,Mississippi,39210,511
490,19 Columbus Terrace,Philadelphia,Pennsylvania,19104,510
491,1230 Homewood Parkway,Erie,Pennsylvania,16510,509
492,3 Coleman Park,San Francisco,California,94116,508
493,21700 School Way,Santa Barbara,California,93150,507
494,15478 8th Court,Trenton,New Jersey,08603,506
495,991 Del Sol Circle,El Paso,Texas,79994,505
496,3 Dahle Trail,Manassas,Virginia,22111,504
497,76385 7th Avenue,Phoenix,Arizona,85020,503
498,0 Waywood Court,Tulsa,Oklahoma,74116,502
499,98889 Fuller Center,Miami,Florida,33283,501
500,2 South Court,Denton,Texas,76205,500
501,9 Farwell Point,Tyler,Texas,75705,499
502,425 Hoard Trail,Brooklyn,New York,11254,498
503,6 Crownhardt Park,Sacramento,California,94280,497
504,18 Cherokee Point,Milwaukee,Wisconsin,53210,496
505,597 Warner Pass,Chicago,Illinois,60609,495
506,547 Barnett Point,Wilmington,North Carolina,28405,494
507,4 Sutteridge Alley,Oklahoma City,Oklahoma,73135,493
508,4 Emmet Point,Anniston,Alabama,36205,492
509,8 Saint Paul Way,San Bernardino,California,92410,491
510,343 Kropf Park,Gilbert,Arizona,85297,490
511,14 Waubesa Lane,Kansas City,Missouri,64114,489
512,78358 Eagle Crest Place,San Antonio,Texas,78210,488
513,4 Brown Avenue,Davenport,Iowa,52804,487
514,41 8th Street,Washington,District of Columbia,20073,486
515,4 Helena Pass,Minneapolis,Minnesota,55480,485
516,7 East Hill,Philadelphia,Pennsylvania,19109,484
517,0161 Lillian Road,Washington,District of Columbia,20566,483
518,6 Stone Corner Center,Washington,District of Columbia,20310,482
519,5888 4th Parkway,Columbus,Ohio,43231,481
520,36254 Northport Place,Kansas City,Kansas,66160,480
521,3389 Reinke Avenue,Dallas,Texas,75246,479
522,30 Center Terrace,College Station,Texas,77844,478
523,3947 Ridge Oak Way,Houston,Texas,77020,477
524,391 Valley Edge Road,Santa Rosa,California,95405,476
525,1838 Bayside Street,Melbourne,Florida,32941,475
526,2 Sherman Center,Silver Spring,Maryland,20904,474
527,2329 Butterfield Drive,Fresno,California,93794,473
528,2968 Loeprich Road,Fort Worth,Texas,76115,472
529,81298 Waywood Terrace,Newton,Massachusetts,02162,471
530,404 Village Green Hill,El Paso,Texas,88574,470
531,73526 Dovetail Place,Wichita Falls,Texas,76310,469
532,66 Summerview Junction,Van Nuys,California,91411,468
533,86 Schmedeman Crossing,Ventura,California,93005,467
534,085 Morningstar Court,Salt Lake City,Utah,84152,466
535,81 Iowa Junction,Pensacola,Florida,32575,465
536,1 Melvin Road,Corona,California,92878,464
537,02 Riverside Crossing,Houston,Texas,77050,463
538,37375 Anzinger Plaza,Miami,Florida,33164,462
539,2 Schiller Road,Stockton,California,95219,461
540,16951 Hintze Court,Tulsa,Oklahoma,74103,460
541,535 Blaine Terrace,Indianapolis,Indiana,46278,459
542,2 Washington Road,Brea,California,92822,458
543,0 Goodland Drive,Mobile,Alabama,36610,457
544,98 Johnson Trail,Saginaw,Michigan,48609,456
545,772 Westridge Avenue,Corpus Christi,Texas,78415,455
546,1 Westridge Court,El Paso,Texas,88519,454
547,2 Northfield Lane,Austin,Texas,78721,453
548,55170 Hoffman Crossing,Lake Charles,Louisiana,70607,452
549,303 Utah Center,South Lake Tahoe,California,96154,451
550,04519 Fisk Junction,Atlanta,Georgia,31136,450
551,199 Hooker Lane,Houston,Texas,77030,449
552,6758 Killdeer Terrace,Alexandria,Virginia,22301,448
553,67 Rowland Alley,Jersey City,New Jersey,07305,447
554,3032 Havey Center,Indianapolis,Indiana,46202,446
555,09332 Macpherson Lane,San Francisco,California,94121,445
556,513 Melody Circle,Oxnard,California,93034,444
557,35 Stang Way,El Paso,Texas,88541,443
558,0439 Sheridan Trail,Tucson,Arizona,85705,442
559,15 Rusk Pass,Spokane,Washington,99252,441
560,8 Amoth Circle,Fresno,California,93715,440
561,723 Rockefeller Junction,Littleton,Colorado,80126,439
562,683 Bowman Drive,Birmingham,Alabama,35225,438
563,087 Victoria Court,Odessa,Texas,79769,437
564,5853 Namekagon Crossing,New Orleans,Louisiana,70124,436
565,93 Butternut Road,Houston,Texas,77070,435
566,62705 Merry Center,Beaufort,South Carolina,29905,434
567,84 North Junction,Fort Wayne,Indiana,46857,433
568,9242 Sachtjen Plaza,Palo Alto,California,94302,432
569,33 Judy Lane,San Diego,California,92110,431
570,49774 Esch Circle,Lexington,Kentucky,40510,430
571,2 Kenwood Plaza,Albany,New York,12210,429
572,8 Dottie Center,Philadelphia,Pennsylvania,19191,428
573,484 Lyons Junction,Charleston,South Carolina,29424,427
574,90143 Evergreen Terrace,Boise,Idaho,83705,426
575,4 Erie Trail,Wilmington,Delaware,19897,425
576,1 Cody Junction,Washington,District of Columbia,20046,424
577,38 Cambridge Park,Irving,Texas,75062,423
578,5 Lerdahl Place,Durham,North Carolina,27705,422
579,773 Old Shore Place,Alpharetta,Georgia,30022,421
580,7 Brickson Park Lane,College Station,Texas,77844,420
581,1 Lakeland Way,Harrisburg,Pennsylvania,17110,419
582,0981 Menomonie Hill,Baton Rouge,Louisiana,70815,418
583,669 Mallory Trail,Huntsville,Texas,77343,417
584,51 Katie Street,Norman,Oklahoma,73071,416
585,4415 Schiller Parkway,Wichita,Kansas,67205,415
586,067 Di Loreto Plaza,Tacoma,Washington,98447,414
587,7 Aberg Parkway,Champaign,Illinois,61825,413
588,127 Briar Crest Road,Camden,New Jersey,08104,412
589,2076 Spenser Place,Philadelphia,Pennsylvania,19160,411
590,7990 Schiller Place,Albuquerque,New Mexico,87121,410
591,3316 Delaware Avenue,Amarillo,Texas,79176,409
592,00581 Old Shore Lane,Plano,Texas,75074,408
593,93 Eagan Drive,Wilkes Barre,Pennsylvania,18763,407
594,2 Dorton Road,Norfolk,Virginia,23520,406
595,6645 Autumn Leaf Crossing,Stockton,California,95205,405
596,6296 Menomonie Center,Fort Lauderdale,Florida,33336,404
597,82606 Montana Parkway,Indianapolis,Indiana,46216,403
598,9079 Alpine Way,Herndon,Virginia,22070,402
599,352 Mayer Terrace,Philadelphia,Pennsylvania,19191,401
600,92491 Division Trail,Kansas City,Missouri,64125,400
601,39 Dorton Drive,Atlanta,Georgia,30386,399
602,358 Fairfield Way,Sterling,Virginia,20167,398
603,7315 Sauthoff Trail,Clearwater,Florida,33763,397
604,070 Cardinal Circle,Fort Worth,Texas,76147,396
605,50184 Sherman Junction,Charlotte,North Carolina,28289,395
606,98383 Eggendart Hill,Springfield,Illinois,62756,394
607,7974 Carberry Avenue,Phoenix,Arizona,85062,393
608,59 Londonderry Terrace,Salt Lake City,Utah,84115,392
609,5 Express Junction,Chicago,Illinois,60681,391
610,901 Ridge Oak Junction,Springfield,Illinois,62756,390
611,5656 Springview Alley,Winston Salem,North Carolina,27110,389
612,8 Donald Hill,Scottsdale,Arizona,85271,388
613,36250 Troy Road,Huntington,West Virginia,25705,387
614,18068 Melby Park,Houston,Texas,77085,386
615,91 Boyd Park,Birmingham,Alabama,35279,385
616,0990 Russell Center,Chicago,Illinois,60652,384
617,19 Linden Terrace,San Francisco,California,94132,383
618,1 Monument Parkway,Cleveland,Ohio,44185,382
619,9935 Di Loreto Way,Saint Louis,Missouri,63180,381
620,5174 Karstens Crossing,Albany,New York,12242,380
621,84379 Columbus Court,Glendale,Arizona,85305,379
622,0780 Bluestem Junction,Oklahoma City,Oklahoma,73109,378
623,235 Schmedeman Parkway,Greenville,South Carolina,29605,377
624,18 Starling Way,Charlotte,North Carolina,28272,376
625,18073 Barnett Park,Macon,Georgia,31217,375
626,9262 Scoville Crossing,Charlotte,North Carolina,28205,374
627,6 Garrison Lane,Dallas,Texas,75205,373
628,91 Mifflin Circle,Washington,District of Columbia,20220,372
629,715 Northview Alley,Anderson,Indiana,46015,371
630,734 Kennedy Parkway,Orlando,Florida,32830,370
631,74 Coleman Court,Buffalo,New York,14269,369
632,187 Merry Street,Bonita Springs,Florida,34135,368
633,90359 Rockefeller Terrace,Reno,Nevada,89595,367
634,908 Kipling Road,Denver,Colorado,80204,366
635,1 Atwood Plaza,Nashville,Tennessee,37220,365
636,41 Superior Drive,Washington,District of Columbia,20231,364
637,5025 Sunfield Court,Saint Louis,Missouri,63121,363
638,558 Lindbergh Court,Lakeland,Florida,33805,362
639,27587 Waywood Pass,Houston,Texas,77065,361
640,615 Graceland Crossing,Toledo,Ohio,43666,360
641,5 Hazelcrest Street,Dayton,Ohio,45454,359
642,7519 Homewood Circle,Washington,District of Columbia,20310,358
643,01188 Fordem Center,Milwaukee,Wisconsin,53263,357
644,434 Veith Crossing,Louisville,Kentucky,40293,356
645,2041 Hanover Pass,New York City,New York,10249,355
646,5754 Londonderry Junction,New Haven,Connecticut,06538,354
647,69 Grover Avenue,Portland,Maine,04109,353
648,79 Calypso Terrace,Rochester,New York,14646,352
649,928 West Plaza,Tacoma,Washington,98405,351
650,83 Stephen Road,Migrate,Kentucky,41905,350
651,8 Hauk Court,Boise,Idaho,83705,349
652,8456 Lunder Drive,Denver,Colorado,80223,348
653,38 Eagan Court,Toledo,Ohio,43615,347
654,63640 Del Mar Hill,Spokane,Washington,99260,346
655,45798 Nova Place,Omaha,Nebraska,68197,345
656,031 Ronald Regan Parkway,Houston,Texas,77090,344
657,8851 Nova Center,Bronx,New York,10464,343
658,3 Clove Alley,Erie,Pennsylvania,16505,342
659,75 Logan Street,Little Rock,Arkansas,72209,341
660,7 Ridgeview Point,Boston,Massachusetts,02124,340
661,804 Pennsylvania Park,Los Angeles,California,90040,339
662,7883 Canary Point,Reno,Nevada,89519,338
663,408 Fremont Trail,Hartford,Connecticut,06105,337
664,964 Mesta Trail,Sacramento,California,95818,336
665,8 Independence Court,Lynn,Massachusetts,01905,335
666,6291 Jenifer Park,Beaumont,Texas,77705,334
667,7551 Pennsylvania Way,Tulsa,Oklahoma,74126,333
668,51682 Novick Parkway,Escondido,California,92030,332
669,9 Dakota Crossing,Hartford,Connecticut,06152,331
670,1 Summer Ridge Terrace,Kalamazoo,Michigan,49048,330
671,7921 Johnson Way,Inglewood,California,90310,329
672,983 Green Pass,Cedar Rapids,Iowa,52410,328
673,56 Corry Place,Charleston,South Carolina,29416,327
674,9 Tony Crossing,Springfield,Massachusetts,01129,326
675,09645 Ohio Plaza,Atlanta,Georgia,30336,325
676,735 Blaine Terrace,Orlando,Florida,32813,324
677,96 Oakridge Place,Boca Raton,Florida,33499,323
678,155 Talmadge Point,New York City,New York,10110,322
679,97638 Montana Lane,Lehigh Acres,Florida,33972,321
680,963 Hoffman Pass,Reno,Nevada,89510,320
681,851 Schiller Street,Richmond,Virginia,23237,319
682,13 Nelson Lane,Dallas,Texas,75231,318
683,5 Dovetail Drive,Cincinnati,Ohio,45203,317
684,6329 Meadow Ridge Court,Louisville,Kentucky,40287,316
685,42053 Anthes Hill,Mobile,Alabama,36628,315
686,70704 Larry Plaza,Trenton,New Jersey,08619,314
687,91 Hanson Parkway,Seattle,Washington,98140,313
688,1646 Forest Plaza,Pasadena,Texas,77505,312
689,0 Meadow Ridge Point,Zephyrhills,Florida,33543,311
690,11206 Valley Edge Lane,Vero Beach,Florida,32964,310
691,11519 Merchant Hill,Wilmington,Delaware,19805,309
692,22 Summit Parkway,Savannah,Georgia,31416,308
693,725 Beilfuss Way,Topeka,Kansas,66611,307
694,038 Shoshone Pass,Savannah,Georgia,31410,306
695,5 Grim Drive,Baltimore,Maryland,21281,305
696,13 Kennedy Way,Modesto,California,95397,304
697,932 Norway Maple Circle,Indianapolis,Indiana,46226,303
698,41 Dapin Junction,Saint Paul,Minnesota,55123,302
699,80 Melrose Court,Memphis,Tennessee,38119,301
700,5 Del Mar Way,Houston,Texas,77090,300
701,3 Lindbergh Avenue,Pomona,California,91797,299
702,5 Nova Hill,Santa Monica,California,90410,298
703,217 Anthes Park,Baltimore,Maryland,21282,297
704,728 Northport Drive,Philadelphia,Pennsylvania,19125,296
705,4773 Ilene Parkway,Honolulu,Hawaii,96840,295
706,98 Ilene Pass,Sioux Falls,South Dakota,57193,294
707,21329 Buell Center,Seminole,Florida,34642,293
708,31 Ramsey Crossing,Baltimore,Maryland,21216,292
709,9729 Vidon Way,Little Rock,Arkansas,72222,291
710,573 Transport Pass,Eugene,Oregon,97405,290
711,5644 Dennis Circle,Pueblo,Colorado,81005,289
712,6 Manufacturers Trail,Yakima,Washington,98907,288
713,638 Green Alley,Des Moines,Iowa,50981,287
714,866 Barby Crossing,Cleveland,Ohio,44185,286
715,2065 Golf Park,New York City,New York,10115,285
716,23 Golden Leaf Way,Tucson,Arizona,85743,284
717,53 Daystar Drive,Fort Wayne,Indiana,46896,283
718,517 Elka Center,Charleston,West Virginia,25362,282
719,8467 Fairview Parkway,Atlanta,Georgia,30323,281
720,373 Mifflin Road,New York City,New York,10292,280
721,2 Kenwood Park,Miami,Florida,33180,279
722,7 Troy Center,Portland,Maine,04109,278
723,77 Norway Maple Plaza,Cleveland,Ohio,44177,277
724,70705 Huxley Lane,Bradenton,Florida,34282,276
725,59444 Heffernan Road,Saint Paul,Minnesota,55146,275
726,915 Little Fleur Lane,El Paso,Texas,79968,274
727,3527 Calypso Alley,New York City,New York,10165,273
728,21486 Sheridan Crossing,Arlington,Texas,76096,272
729,8 Atwood Pass,Harrisburg,Pennsylvania,17126,271
730,0785 Reinke Pass,Duluth,Minnesota,55805,270
731,78 Washington Drive,Kalamazoo,Michigan,49006,269
732,46901 Lindbergh Terrace,Bronx,New York,10469,268
733,15726 Roth Trail,Austin,Texas,78759,267
734,1741 Burning Wood Way,Wilmington,North Carolina,28405,266
735,74952 Dapin Avenue,Fairfax,Virginia,22036,265
736,20 5th Circle,Akron,Ohio,44329,264
737,0 Hayes Crossing,Fresno,California,93786,263
738,339 Maryland Avenue,Charlotte,North Carolina,28299,262
739,23441 Commercial Alley,Montgomery,Alabama,36119,261
740,88069 Elka Park,San Antonio,Texas,78245,260
741,2692 Dunning Lane,New Orleans,Louisiana,70174,259
742,9 Artisan Road,Las Cruces,New Mexico,88006,258
743,366 Bultman Street,Sacramento,California,94286,257
744,2399 Melrose Trail,Minneapolis,Minnesota,55441,256
745,8329 Fairfield Road,Huntington,West Virginia,25726,255
746,2 Oak Valley Trail,Oklahoma City,Oklahoma,73135,254
747,2 Harper Lane,Jamaica,New York,11436,253
748,68163 Daystar Way,Charleston,West Virginia,25305,252
749,69016 Eastwood Hill,Kansas City,Missouri,64101,251
750,71 Oneill Hill,Columbus,Ohio,43220,250
751,6863 Mcguire Trail,Greeley,Colorado,80638,249
752,2929 Paget Hill,Houston,Texas,77228,248
753,67699 Sauthoff Parkway,Tacoma,Washington,98411,247
754,2 Crowley Street,Boston,Massachusetts,02109,246
755,11 Arapahoe Way,Cincinnati,Ohio,45254,245
756,6270 Loeprich Park,Fairbanks,Alaska,99790,244
757,97982 Canary Court,Vero Beach,Florida,32969,243
758,3706 Reinke Lane,South Bend,Indiana,46634,242
759,96573 Cody Court,New York City,New York,10034,241
760,8 Montana Hill,Jacksonville,Florida,32259,240
761,446 Springview Point,El Paso,Texas,88553,239
762,697 Beilfuss Hill,Atlanta,Georgia,30392,238
763,92 Briar Crest Street,San Diego,California,92105,237
764,1 Saint Paul Hill,Saint Paul,Minnesota,55127,236
765,70 Grasskamp Street,New York City,New York,10155,235
766,23399 Fieldstone Street,Tacoma,Washington,98464,234
767,4 Lotheville Junction,San Francisco,California,94132,233
768,25 Meadow Vale Road,Rockville,Maryland,20851,232
769,7 Nobel Junction,Lubbock,Texas,79491,231
770,54 North Crossing,Philadelphia,Pennsylvania,19196,230
771,06 Truax Plaza,San Diego,California,92170,229
772,9 Scoville Avenue,Punta Gorda,Florida,33982,228
773,2049 Clarendon Way,Huntsville,Alabama,35895,227
774,6 Monica Plaza,Hot Springs National Park,Arkansas,71914,226
775,9344 Northwestern Place,Boise,Idaho,83757,225
776,017 Ronald Regan Court,Santa Clara,California,95054,224
777,379 Sunbrook Junction,Colorado Springs,Colorado,80951,223
778,8923 Express Pass,Pensacola,Florida,32595,222
779,7476 Atwood Way,Louisville,Kentucky,40293,221
780,981 Corscot Plaza,Appleton,Wisconsin,54915,220
781,627 Blackbird Junction,Round Rock,Texas,78682,219
782,7647 Weeping Birch Crossing,Portland,Oregon,97221,218
783,8 Trailsway Place,Rochester,New York,14619,217
784,9412 8th Center,Columbus,Ohio,43204,216
785,6537 Grover Hill,Anchorage,Alaska,99512,215
786,0 Drewry Hill,Decatur,Illinois,62525,214
787,22 Melvin Road,Buffalo,New York,14205,213
788,88129 Gale Park,Seattle,Washington,98158,212
789,9998 Rigney Way,Macon,Georgia,31210,211
790,9404 Hoepker Point,Washington,District of Columbia,20319,210
791,4 Basil Plaza,Boise,Idaho,83716,209
792,37673 Prairie Rose Circle,Tampa,Florida,33686,208
793,1772 Melody Terrace,Cheyenne,Wyoming,82007,207
794,2395 Novick Avenue,San Antonio,Texas,78255,206
795,5 Ramsey Alley,Pompano Beach,Florida,33064,205
796,1122 Vahlen Circle,Clearwater,Florida,33763,204
797,12259 Springs Court,Dallas,Texas,75310,203
798,73043 Cascade Hill,Tulsa,Oklahoma,74193,202
799,60967 Hanover Way,New York City,New York,10115,201
800,5743 Mifflin Alley,Columbia,South Carolina,29220,200
801,3 Autumn Leaf Drive,Louisville,Kentucky,40287,199
802,393 Garrison Point,Winston Salem,North Carolina,27157,198
803,3 Gateway Trail,Lincoln,Nebraska,68583,197
804,790 Evergreen Hill,Fort Wayne,Indiana,46852,196
805,964 Claremont Point,New York City,New York,10029,195
806,576 Clemons Court,Minneapolis,Minnesota,55417,194
807,13 Declaration Terrace,Cincinnati,Ohio,45218,193
808,47 Nevada Circle,Fort Pierce,Florida,34949,192
809,93 Brentwood Place,El Paso,Texas,88574,191
810,2 American Ash Terrace,Corpus Christi,Texas,78475,190
811,381 Toban Terrace,Schenectady,New York,12305,189
812,7336 Evergreen Way,Fort Pierce,Florida,34981,188
813,89518 Ridgeway Center,Greenville,South Carolina,29610,187
814,796 Golden Leaf Crossing,Charleston,West Virginia,25305,186
815,110 Granby Junction,Frankfort,Kentucky,40618,185
816,55 Columbus Circle,San Francisco,California,94126,184
817,63 Texas Lane,Aurora,Colorado,80015,183
818,8138 Lukken Court,Topeka,Kansas,66606,182
819,18540 Canary Pass,Colorado Springs,Colorado,80905,181
820,277 Nancy Drive,Santa Barbara,California,93111,180
821,669 Iowa Center,Kansas City,Missouri,64179,179
822,30042 Lakewood Drive,Huntsville,Texas,77343,178
823,5 Schurz Drive,Reading,Pennsylvania,19610,177
824,6905 Judy Trail,Spartanburg,South Carolina,29319,176
825,86 8th Hill,Anderson,Indiana,46015,175
826,7497 Carioca Court,Killeen,Texas,76544,174
827,2552 Lukken Place,Appleton,Wisconsin,54915,173
828,40 Larry Street,Henderson,Nevada,89074,172
829,27886 Montana Avenue,Topeka,Kansas,66667,171
830,3 Charing Cross Plaza,Danbury,Connecticut,06816,170
831,5146 Oxford Center,Lincoln,Nebraska,68505,169
832,76 Mccormick Park,San Diego,California,92186,168
833,183 Mitchell Crossing,Canton,Ohio,44710,167
834,59626 Esker Pass,Arlington,Texas,76016,166
835,27 Meadow Vale Circle,Waco,Texas,76711,165
836,603 Melvin Plaza,Columbia,Missouri,65211,164
837,899 American Crossing,Gainesville,Florida,32627,163
838,9 Ramsey Alley,Tulsa,Oklahoma,74193,162
839,11 Fallview Way,Topeka,Kansas,66642,161
840,82578 Arkansas Place,Detroit,Michigan,48242,160
841,833 Brentwood Pass,Dayton,Ohio,45432,159
842,793 Debra Street,Austin,Texas,78732,158
843,767 Corscot Point,Decatur,Georgia,30089,157
844,4 Merrick Avenue,Nashville,Tennessee,37250,156
845,51 David Terrace,Los Angeles,California,90020,155
846,3 Mendota Court,Phoenix,Arizona,85053,154
847,47606 Carey Parkway,Newark,New Jersey,07104,153
848,08 Hermina Road,Madison,Wisconsin,53785,152
849,0677 Spenser Alley,Allentown,Pennsylvania,18105,151
850,6 Jenifer Trail,Huntington,West Virginia,25726,150
851,384 Valley Edge Drive,Huntsville,Texas,77343,149
852,287 Thierer Junction,Bellevue,Washington,98008,148
853,534 Rutledge Way,Tampa,Florida,33610,147
854,95422 Hauk Alley,Boston,Massachusetts,02104,146
855,6 Main Avenue,Terre Haute,Indiana,47805,145
856,6197 Boyd Park,Dallas,Texas,75323,144
857,95390 Dunning Way,Clearwater,Florida,33763,143
858,142 Becker Terrace,Augusta,Georgia,30905,142
859,750 Talmadge Drive,Jackson,Mississippi,39282,141
860,8 Killdeer Circle,Harrisburg,Pennsylvania,17140,140
861,04714 Independence Crossing,Los Angeles,California,90087,139
862,62926 Independence Center,Los Angeles,California,90050,138
863,9 Troy Drive,Santa Barbara,California,93150,137
864,58123 Village Green Crossing,Little Rock,Arkansas,72215,136
865,2003 Loftsgordon Avenue,Oakland,California,94660,135
866,397 Pond Junction,Killeen,Texas,76544,134
867,1263 Fordem Alley,Wichita Falls,Texas,76310,133
868,5122 Hudson Pass,Oakland,California,94611,132
869,239 Roxbury Avenue,Saint Louis,Missouri,63167,131
870,478 Sugar Drive,Silver Spring,Maryland,20904,130
871,9 Larry Parkway,Wilmington,Delaware,19886,129
872,10 Evergreen Lane,Lexington,Kentucky,40586,128
873,9 Almo Lane,Las Vegas,Nevada,89150,127
874,3 Everett Crossing,Sacramento,California,94273,126
875,1560 Jackson Center,Virginia Beach,Virginia,23459,125
876,05 Alpine Pass,Philadelphia,Pennsylvania,19178,124
877,59988 Mayer Point,Dearborn,Michigan,48126,123
878,655 Drewry Terrace,Buffalo,New York,14276,122
879,5718 Pleasure Street,Kansas City,Missouri,64193,121
880,0514 Surrey Road,Pittsburgh,Pennsylvania,15225,120
881,8612 Elgar Crossing,Raleigh,North Carolina,27621,119
882,5 Arkansas Center,Topeka,Kansas,66622,118
883,24230 Merry Circle,Saint Petersburg,Florida,33737,117
884,397 Rockefeller Center,Omaha,Nebraska,68179,116
885,49 Heath Drive,Memphis,Tennessee,38197,115
886,09 Warbler Center,Madison,Wisconsin,53779,114
887,252 Thompson Alley,Newark,Delaware,19725,113
888,70795 Northridge Point,Washington,District of Columbia,20057,112
889,494 Bashford Trail,Kingsport,Tennessee,37665,111
890,50 Maple Wood Drive,New York City,New York,10131,110
891,394 Tennyson Trail,Los Angeles,California,90060,109
892,8 John Wall Street,Lincoln,Nebraska,68524,108
893,105 Warrior Street,New York City,New York,10029,107
894,27579 Oxford Parkway,Washington,District of Columbia,20425,106
895,21844 Buena Vista Pass,Minneapolis,Minnesota,55407,105
896,9 Hanover Crossing,Springfield,Missouri,65898,104
897,10 Valley Edge Drive,Oklahoma City,Oklahoma,73135,103
898,889 Loftsgordon Street,Manchester,New Hampshire,03105,102
899,5918 Orin Drive,Dallas,Texas,75387,101
900,8 Hazelcrest Lane,Lexington,Kentucky,40505,100
901,222 Porter Court,Washington,District of Columbia,20370,99
902,04864 Lakeland Hill,San Diego,California,92191,98
903,73061 Welch Circle,Chicago,Illinois,60691,97
904,0761 Mccormick Center,Houston,Texas,77266,96
905,39349 Pond Lane,New York City,New York,10275,95
906,70600 2nd Parkway,Durham,North Carolina,27710,94
907,596 Truax Park,Detroit,Michigan,48206,93
908,60645 Scofield Way,Anchorage,Alaska,99522,92
909,33 Del Mar Circle,Newark,New Jersey,07104,91
910,30300 Maple Wood Street,Las Vegas,Nevada,89193,90
911,06 Surrey Hill,Riverside,California,92505,89
912,67 Oak Valley Trail,Oklahoma City,Oklahoma,73197,88
913,5 Michigan Junction,Jamaica,New York,11447,87
914,7 Truax Pass,Rochester,New York,14619,86
915,880 Arrowood Lane,Knoxville,Tennessee,37919,85
916,64087 Randy Hill,Roanoke,Virginia,24034,84
917,2998 Arkansas Junction,Wichita Falls,Texas,76305,83
918,205 Upham Drive,Santa Rosa,California,95405,82
919,85 Towne Court,Tucson,Arizona,85705,81
920,4 Grover Lane,Des Moines,Iowa,50335,80
921,18729 Sutherland Avenue,Pompano Beach,Florida,33075,79
922,237 Vermont Drive,Sandy,Utah,84093,78
923,8034 Village Crossing,Gainesville,Florida,32605,77
924,1 Towne Point,Homestead,Florida,33034,76
925,935 Grover Way,New York City,New York,10165,75
926,62796 Dexter Pass,Hartford,Connecticut,06160,74
927,89 Petterle Hill,Miami,Florida,33111,73
928,01 Rusk Street,Suffolk,Virginia,23436,72
929,0 Mcguire Trail,Tampa,Florida,33615,71
930,67 Park Meadow Park,Orlando,Florida,32868,70
931,0634 Bay Terrace,Boston,Massachusetts,02109,69
932,69 Eagan Parkway,Harrisburg,Pennsylvania,17121,68
933,7 Fieldstone Terrace,Van Nuys,California,91499,67
934,4 Badeau Plaza,Lakeland,Florida,33811,66
935,70443 Ilene Junction,Houston,Texas,77080,65
936,645 Vermont Center,Beaverton,Oregon,97075,64
937,51 Bluestem Avenue,Lima,Ohio,45807,63
938,5286 Troy Court,Denver,Colorado,80235,62
939,832 Spohn Trail,Dallas,Texas,75342,61
940,79101 Service Park,Los Angeles,California,90035,60
941,50421 Towne Point,Provo,Utah,84605,59
942,9702 Service Terrace,Denton,Texas,76210,58
943,228 Oak Valley Lane,San Antonio,Texas,78291,57
944,88736 Erie Court,San Antonio,Texas,78255,56
945,43 Village Plaza,New Castle,Pennsylvania,16107,55
946,159 Waxwing Point,Syracuse,New York,13217,54
947,5399 Dovetail Park,Fort Lauderdale,Florida,33325,53
948,01553 Hoard Park,Cincinnati,Ohio,45243,52
949,73 American Pass,Milwaukee,Wisconsin,53210,51
950,7 Prentice Crossing,Memphis,Tennessee,38126,50
951,39 Iowa Plaza,Charleston,West Virginia,25321,49
952,5 Loeprich Point,San Antonio,Texas,78296,48
953,66202 Green Park,Houston,Texas,77228,47
954,91 4th Place,Houston,Texas,77045,46
955,73192 Iowa Point,Pittsburgh,Pennsylvania,15210,45
956,46 Northview Park,Madison,Wisconsin,53716,44
957,1 Packers Point,Lexington,Kentucky,40524,43
958,34223 Melrose Drive,Charlottesville,Virginia,22908,42
959,67 Cody Circle,Syracuse,New York,13251,41
960,4 Towne Street,Huntsville,Alabama,35895,40
961,6 Sutherland Crossing,Vienna,Virginia,22184,39
962,05 Jana Center,Topeka,Kansas,66622,38
963,9241 Bultman Avenue,Greenville,South Carolina,29610,37
964,7715 Sullivan Place,El Paso,Texas,88574,36
965,2 Butternut Junction,Louisville,Kentucky,40287,35
966,7172 Fordem Court,Kansas City,Missouri,64114,34
967,5 Welch Parkway,Chula Vista,California,91913,33
968,7992 Messerschmidt Hill,Midland,Texas,79710,32
969,6 Arrowood Drive,Arvada,Colorado,80005,31
970,477 Blaine Road,Lexington,Kentucky,40576,30
971,5008 Mallory Street,Santa Monica,California,90410,29
972,5226 Fordem Plaza,Orange,California,92862,28
973,70088 Melvin Court,Evansville,Indiana,47732,27
974,09267 Veith Point,Corona,California,92878,26
975,91 Clove Lane,Peoria,Illinois,61651,25
976,1 Ridgeview Way,Lansing,Michigan,48930,24
977,6 Express Center,Watertown,Massachusetts,02472,23
978,52 Green Parkway,Terre Haute,Indiana,47805,22
979,0 Carberry Place,Boston,Massachusetts,02124,21
980,95123 Doe Crossing Hill,Savannah,Georgia,31416,20
981,174 Dakota Avenue,Henderson,Nevada,89012,19
982,5 Merchant Drive,Gastonia,North Carolina,28055,18
983,4415 Meadow Ridge Parkway,Trenton,New Jersey,08650,17
984,6016 Springview Pass,Columbus,Mississippi,39705,16
985,047 Banding Junction,Denver,Colorado,80243,15
986,58712 Dahle Circle,El Paso,Texas,79999,14
987,12836 Warbler Lane,Salt Lake City,Utah,84199,13
988,9 Grim Crossing,Washington,District of Columbia,20036,12
989,29928 Gina Street,Sterling,Virginia,20167,11
990,67628 Mcguire Avenue,Washington,District of Columbia,20010,10
991,080 Valley Edge Junction,Spokane,Washington,99215,9
992,3 Clove Lane,Anniston,Alabama,36205,8
993,87 Huxley Avenue,Orlando,Florida,32825,7
994,92348 Forster Way,Naples,Florida,34108,6
995,31 Garrison Point,Philadelphia,Pennsylvania,19146,5
996,1 Scofield Trail,Harrisburg,Pennsylvania,17126,4
997,66 7th Court,Saginaw,Michigan,48604,3
998,33 Carberry Park,Duluth,Minnesota,55805,2
999,0799 Lyons Park,Albany,Georgia,31704,1
1000,29503 Melby Hill,Boston,Massachusetts,02298,0
