1,56139 Stuart Parkway,Riverside,California,92505,999
2,3044 Fairfield Place,Saint Louis,Missouri,63169,998
3,604 Bayside Way,Bradenton,Florida,34205,997
4,41157 Vera Crossing,Fort Wayne,Indiana,46814,996
5,246 Dorton Hill,Brooksville,Florida,34605,995
6,5 Di Loreto Place,Alhambra,California,91841,994
7,803 Sutteridge Point,Wichita,Kansas,67210,993
8,252 Nevada Road,Brockton,Massachusetts,02305,992
9,47 Hudson Lane,Miami,Florida,33142,991
10,321 Bowman Plaza,Decatur,Georgia,30033,990
11,36838 Buhler Terrace,Nashville,Tennessee,37240,989
12,565 Welch Hill,Nashville,Tennessee,37210,988
13,27880 La Follette Way,Chattanooga,Tennessee,37450,987
14,879 Farragut Place,Mountain View,California,94042,986
15,0637 Miller Drive,Scottsdale,Arizona,85271,985
16,7893 Grover Junction,Philadelphia,Pennsylvania,19160,984
17,60649 Heffernan Point,Washington,District of Columbia,20520,983
18,95 Melrose Parkway,Portland,Oregon,97286,982
19,86303 Bobwhite Trail,Detroit,Michigan,48242,981
20,5265 Westport Way,Washington,District of Columbia,20022,980
21,81 Alpine Drive,Evansville,Indiana,47732,979
22,16 Daystar Parkway,Memphis,Tennessee,38126,978
23,9422 Division Terrace,Atlanta,Georgia,30343,977
24,5 Kipling Terrace,Dallas,Texas,75236,976
25,97563 Harbort Alley,Charleston,West Virginia,25331,975
26,12476 Cottonwood Terrace,Wilmington,Delaware,19886,974
27,134 Warrior Alley,Austin,Texas,78759,973
28,90961 Derek Terrace,San Antonio,Texas,78230,972
29,56509 Summit Alley,Tucson,Arizona,85743,971
30,3032 Bunker Hill Plaza,El Paso,Texas,79923,970
31,5 Sage Trail,Provo,Utah,84605,969
32,802 Pennsylvania Way,Honolulu,Hawaii,96805,968
33,328 Leroy Circle,Charlotte,North Carolina,28263,967
34,75 Anthes Center,Arlington,Virginia,22225,966
35,4131 Mendota Alley,Silver Spring,Maryland,20918,965
36,717 Elgar Terrace,New Orleans,Louisiana,70187,964
37,66 Tomscot Drive,Springfield,Virginia,22156,963
38,0570 Banding Plaza,Cincinnati,Ohio,45208,962
39,1674 Melvin Parkway,Denver,Colorado,80249,961
40,81448 Hoepker Alley,Fort Worth,Texas,76129,960
41,36 Mandrake Hill,Columbia,Missouri,65218,959
42,7322 Riverside Plaza,Baton Rouge,Louisiana,70836,958
43,9 Gale Pass,Omaha,Nebraska,68197,957
44,5373 Northridge Plaza,Jefferson City,Missouri,65105,956
45,83 Banding Road,Fort Worth,Texas,76129,955
46,796 Charing Cross Alley,Grand Rapids,Michigan,49560,954
47,5482 Marcy Avenue,Dayton,Ohio,45432,953
48,9632 Morrow Avenue,Aurora,Colorado,80015,952
49,36925 Crownhardt Park,Louisville,Kentucky,40210,951
50,77 Pine View Way,Springfield,Illinois,62705,950
51,648 Vidon Parkway,Salt Lake City,Utah,84115,949
52,10 Cambridge Parkway,Washington,District of Columbia,20244,948
53,8874 Killdeer Hill,South Bend,Indiana,46634,947
54,5 Saint Paul Drive,Portland,Oregon,97286,946
55,416 Mariners Cove Crossing,Irvine,California,92619,945
56,70917 Lakewood Gardens Drive,Arlington,Texas,76096,944
57,40311 Gulseth Street,Albuquerque,New Mexico,87190,943
58,3 Donald Trail,Syracuse,New York,13224,942
59,59132 Corscot Hill,New York City,New York,10203,941
60,705 Shelley Street,Tacoma,Washington,98481,940
61,1756 South Parkway,Alexandria,Louisiana,71307,939
62,3 Briar Crest Court,Los Angeles,California,90060,938
63,55139 Pond Place,Lansing,Michigan,48919,937
64,35975 4th Alley,Huntsville,Texas,77343,936
65,0 Rusk Drive,Atlanta,Georgia,30356,935
66,521 Dapin Point,Las Vegas,Nevada,89125,934
67,9952 Sauthoff Road,Maple Plain,Minnesota,55579,933
68,91260 Moose Court,Columbus,Ohio,43210,932
69,7 Lukken Plaza,Memphis,Tennessee,38114,931
70,2597 Carioca Circle,Saint Louis,Missouri,63150,930
71,7 Knutson Point,Columbus,Ohio,43240,929
72,62 Vidon Crossing,Greenville,South Carolina,29605,928
73,5269 Clove Way,Van Nuys,California,91406,927
74,90 Ryan Alley,Washington,District of Columbia,20215,926
75,6377 Sheridan Crossing,Norfolk,Virginia,23514,925
76,8494 Logan Street,Buffalo,New York,14215,924
77,92705 Eagle Crest Hill,Milwaukee,Wisconsin,53215,923
78,7307 Almo Plaza,Sioux Falls,South Dakota,57110,922
79,71 Huxley Drive,Little Rock,Arkansas,72215,921
80,97059 Rusk Park,Cleveland,Ohio,44177,920
81,158 Miller Alley,Sarasota,Florida,34233,919
82,2 Clyde Gallagher Way,San Diego,California,92160,918
83,0 Main Terrace,Philadelphia,Pennsylvania,19160,917
84,8 Packers Parkway,Brooklyn,New York,11205,916
85,03279 Leroy Junction,Shreveport,Louisiana,71130,915
86,36 Mosinee Drive,Pittsburgh,Pennsylvania,15250,914
87,1 Mallory Alley,Carson City,Nevada,89706,913
88,36657 Namekagon Point,Montgomery,Alabama,36104,912
89,34118 Acker Circle,Bakersfield,California,93305,911
90,315 Dayton Junction,Fort Worth,Texas,76129,910
91,5089 Eastwood Drive,Kansas City,Kansas,66112,909
92,3 Talmadge Center,Syracuse,New York,13210,908
93,08788 Heffernan Lane,Newark,New Jersey,07188,907
94,2029 Golf Hill,Houston,Texas,77218,906
95,813 Stoughton Junction,Bradenton,Florida,34282,905
96,59 Ilene Center,Akron,Ohio,44315,904
97,513 Anderson Lane,Grand Rapids,Michigan,49510,903
98,996 Oriole Trail,Roanoke,Virginia,24009,902
99,0630 Algoma Crossing,Inglewood,California,90305,901
100,5 Muir Junction,Fairfield,Connecticut,06825,900
101,00990 Red Cloud Crossing,Hampton,Virginia,23668,899
102,18891 Fallview Hill,New York City,New York,10024,898
103,9961 Weeping Birch Drive,Anchorage,Alaska,99517,897
104,17 Merry Point,Arlington,Virginia,22225,896
105,2 Eastlawn Parkway,Cincinnati,Ohio,45264,895
106,329 Dunning Way,Glendale,Arizona,85311,894
107,59 Jana Plaza,Helena,Montana,59623,893
108,009 Rockefeller Crossing,Des Moines,Iowa,50362,892
109,5 Toban Parkway,Washington,District of Columbia,20503,891
110,71816 Carioca Avenue,Jacksonville,Florida,32220,890
111,6 Lotheville Place,Dallas,Texas,75231,889
112,08 Burrows Court,Abilene,Texas,79699,888
113,799 Sommers Court,Topeka,Kansas,66642,887
114,4 Annamark Court,Memphis,Tennessee,38150,886
115,34 Vahlen Point,Kansas City,Missouri,64114,885
116,8 Longview Junction,Sacramento,California,95838,884
117,7 Burning Wood Way,Nashville,Tennessee,37228,883
118,39 Cambridge Avenue,Indianapolis,Indiana,46278,882
119,12164 Huxley Street,North Las Vegas,Nevada,89036,881
120,52 Dryden Hill,Chandler,Arizona,85246,880
121,7096 Vernon Alley,Jacksonville,Florida,32255,879
122,01 Eliot Terrace,El Paso,Texas,88589,878
123,52 Utah Pass,Montgomery,Alabama,36104,877
124,592 Shoshone Hill,Aurora,Illinois,60505,876
125,4549 Magdeline Junction,Springfield,Missouri,65810,875
126,30365 Superior Hill,Birmingham,Alabama,35242,874
127,24 Morningstar Court,Washington,District of Columbia,20078,873
128,098 Farwell Point,Torrance,California,90505,872
129,8441 Daystar Crossing,Hartford,Connecticut,06105,871
130,1 Meadow Ridge Road,Chicago,Illinois,60630,870
131,7 Randy Crossing,Boise,Idaho,83722,869
132,16 Texas Trail,Duluth,Georgia,30096,868
133,78 Butterfield Avenue,Phoenix,Arizona,85083,867
134,549 Doe Crossing Lane,Pittsburgh,Pennsylvania,15255,866
135,94 Rutledge Parkway,Amarillo,Texas,79171,865
136,09 Lakeland Hill,Grand Forks,North Dakota,58207,864
137,41 Gina Crossing,Louisville,Kentucky,40220,863
138,275 Boyd Alley,Springfield,Missouri,65810,862
139,3110 Spaight Point,Columbus,Georgia,31998,861
140,11 Burning Wood Center,Farmington,Michigan,48335,860
141,9 Drewry Point,Rochester,New York,14652,859
142,6522 Sloan Crossing,Birmingham,Alabama,35263,858
143,91 Johnson Crossing,El Paso,Texas,79955,857
144,11 Cordelia Hill,Baltimore,Maryland,21229,856
145,6 Gale Lane,Santa Barbara,California,93106,855
146,37 Stang Park,Austin,Texas,78769,854
147,6673 Canary Drive,San Antonio,Texas,78265,853
148,5875 Brentwood Way,Orlando,Florida,32835,852
149,967 Fair Oaks Way,Waco,Texas,76796,851
150,0783 East Street,Springfield,Virginia,22156,850
151,68411 Oxford Way,Prescott,Arizona,86305,849
152,73267 Homewood Way,Salt Lake City,Utah,84135,848
153,5163 Kensington Junction,Buffalo,New York,14220,847
154,6 Pine View Park,Cincinnati,Ohio,45208,846
155,265 Washington Alley,Houston,Texas,77015,845
156,5284 Merry Way,Fresno,California,93786,844
157,997 Parkside Terrace,Boise,Idaho,83716,843
158,2107 Sloan Junction,New York City,New York,10175,842
159,66148 Claremont Plaza,Huntington,West Virginia,25705,841
160,063 Riverside Center,Simi Valley,California,93094,840
161,721 Sundown Crossing,Huntington,West Virginia,25775,839
162,9169 Lindbergh Point,Bridgeport,Connecticut,06673,838
163,0289 Shopko Road,Hampton,Virginia,23668,837
164,3 Stone Corner Point,Charlotte,North Carolina,28284,836
165,51142 Prentice Avenue,Washington,District of Columbia,20244,835
166,86 Glacier Hill Circle,Lubbock,Texas,79491,834
167,657 Nevada Street,Pittsburgh,Pennsylvania,15274,833
168,3648 Alpine Alley,Decatur,Georgia,30033,832
169,87980 Alpine Pass,Little Rock,Arkansas,72215,831
170,2 Sullivan Road,Beaumont,Texas,77705,830
171,392 Union Park,San Francisco,California,94126,829
172,25031 Vera Way,Saint Petersburg,Florida,33705,828
173,7369 Mitchell Park,Norfolk,Virginia,23504,827
174,641 Longview Point,Huntington,West Virginia,25721,826
175,04 Judy Trail,Los Angeles,California,90094,825
176,9099 Darwin Center,Dearborn,Michigan,48126,824
177,2 Lawn Parkway,Albany,New York,12247,823
178,4106 Namekagon Parkway,Atlanta,Georgia,30336,822
179,14681 Del Mar Circle,Seattle,Washington,98121,821
180,62 Hallows Pass,Chicago,Illinois,60624,820
181,605 Cambridge Parkway,Las Vegas,Nevada,89140,819
182,464 Amoth Junction,Cincinnati,Ohio,45233,818
183,0272 Tennyson Street,Oklahoma City,Oklahoma,73119,817
184,279 Susan Circle,Albany,New York,12205,816
185,4681 Mesta Center,Meridian,Mississippi,39305,815
186,7 Fisk Circle,Springfield,Illinois,62705,814
187,272 Carpenter Pass,Washington,District of Columbia,20022,813
188,9134 Dapin Way,Tampa,Florida,33605,812
189,689 Reindahl Road,New York City,New York,10039,811
190,304 Duke Court,West Palm Beach,Florida,33411,810
191,0634 Eastlawn Way,New Orleans,Louisiana,70124,809
192,1 Nova Crossing,Dayton,Ohio,45408,808
193,0248 Columbus Parkway,Boston,Massachusetts,02104,807
194,33101 Comanche Road,Joliet,Illinois,60435,806
195,97985 Mallard Junction,Santa Cruz,California,95064,805
196,6 American Street,New York City,New York,10275,804
197,18057 Esch Parkway,Denver,Colorado,80255,803
198,1 Welch Junction,Lansing,Michigan,48912,802
199,88 Bartelt Way,Washington,District of Columbia,20520,801
200,90 Cottonwood Court,New York City,New York,10131,800
201,1 Jackson Trail,Saint Petersburg,Florida,33710,799
202,7906 Bluestem Center,Louisville,Kentucky,40225,798
203,412 7th Terrace,Lubbock,Texas,79405,797
204,4 Hoffman Point,Nashville,Tennessee,37235,796
205,67581 Menomonie Place,Louisville,Kentucky,40210,795
206,74356 Elka Avenue,Brooklyn,New York,11220,794
207,0 Bultman Terrace,Philadelphia,Pennsylvania,19120,793
208,60 Mayfield Avenue,North Hollywood,California,91606,792
209,0 Holmberg Hill,Brooksville,Florida,34605,791
210,5 Colorado Pass,Irving,Texas,75062,790
211,62 Carpenter Road,Portland,Oregon,97240,789
212,5 Hanson Lane,Little Rock,Arkansas,72231,788
213,38743 Holmberg Center,Dallas,Texas,75310,787
214,4 Cody Way,Charlotte,North Carolina,28247,786
215,4 Bultman Plaza,Philadelphia,Pennsylvania,19136,785
216,0527 Clove Plaza,Idaho Falls,Idaho,83405,784
217,270 Hanson Avenue,Pompano Beach,Florida,33069,783
218,1 South Park,San Antonio,Texas,78245,782
219,51691 Sunbrook Lane,Phoenix,Arizona,85020,781
220,3169 Eagan Place,Staten Island,New York,10310,780
221,4093 Elmside Circle,Jacksonville,Florida,32230,779
222,39 Alpine Alley,Boston,Massachusetts,02109,778
223,12 Westerfield Alley,Arlington,Virginia,22205,777
224,5173 Pennsylvania Way,Sacramento,California,95865,776
225,8557 Parkside Street,Houston,Texas,77201,775
226,6350 Stang Point,Baltimore,Maryland,21203,774
227,99332 Hazelcrest Terrace,Tulsa,Oklahoma,74184,773
228,51 Meadow Ridge Junction,New Haven,Connecticut,06510,772
229,5 Meadow Ridge Plaza,Dallas,Texas,75353,771
230,1882 Swallow Terrace,Boulder,Colorado,80310,770
231,519 Eagan Place,Monticello,Minnesota,55565,769
232,26224 Jenifer Junction,Grand Forks,North Dakota,58207,768
233,9626 Daystar Place,Nashville,Tennessee,37205,767
234,1 Dryden Plaza,Racine,Wisconsin,53405,766
235,63 Rowland Pass,Tulsa,Oklahoma,74126,765
236,33 Quincy Pass,Erie,Pennsylvania,16550,764
237,6 Spaight Park,Nashville,Tennessee,37245,763
238,078 Sunnyside Court,Orange,California,92668,762
239,39352 Victoria Hill,Memphis,Tennessee,38188,761
240,3742 Stang Point,Salt Lake City,Utah,84105,760
241,20168 Grasskamp Park,Albuquerque,New Mexico,87140,759
242,094 Old Shore Drive,San Diego,California,92165,758
243,54 Butterfield Plaza,Nashville,Tennessee,37215,757
244,19 Gale Plaza,Las Vegas,Nevada,89110,756
245,41 Armistice Drive,Birmingham,Alabama,35236,755
246,20 Roth Road,Pasadena,California,91131,754
247,53 Dixon Street,Washington,District of Columbia,20046,753
248,9 John Wall Road,Baton Rouge,Louisiana,70883,752
249,18 Forster Junction,Los Angeles,California,90101,751
250,3 Susan Circle,Fredericksburg,Virginia,22405,750
251,3 Farragut Place,Nashville,Tennessee,37228,749
252,5217 Nova Hill,North Hollywood,California,91606,748
253,2 Vernon Plaza,Fresno,California,93794,747
254,49521 Schurz Park,Carson City,Nevada,89706,746
255,8209 Mayer Trail,New York City,New York,10165,745
256,8220 Fairfield Crossing,Washington,District of Columbia,20508,744
257,4 Ludington Junction,Spokane,Washington,99210,743
258,4 Shasta Plaza,New Haven,Connecticut,06538,742
259,2393 Center Plaza,Las Vegas,Nevada,89145,741
260,0078 Porter Alley,Chicago,Illinois,60669,740
261,0234 Steensland Place,Durham,North Carolina,27717,739
262,12792 Delladonna Crossing,Corona,California,92883,738
263,253 School Terrace,Houston,Texas,77075,737
264,12259 Bartelt Point,Toledo,Ohio,43656,736
265,615 3rd Road,Wilmington,Delaware,19897,735
266,6 Crest Line Crossing,Vero Beach,Florida,32964,734
267,27 Arapahoe Drive,Washington,District of Columbia,20073,733
268,5 Springview Court,Charleston,West Virginia,25336,732
269,6377 Katie Center,Canton,Ohio,44705,731
270,946 Main Plaza,Yonkers,New York,10705,730
271,5 Butterfield Park,Dallas,Texas,75231,729
272,159 Burrows Plaza,Elizabeth,New Jersey,07208,728
273,0 Esker Street,Virginia Beach,Virginia,23454,727
274,942 Stuart Parkway,Brooklyn,New York,11241,726
275,469 Express Trail,Irvine,California,92619,725
276,45151 Farmco Pass,New York City,New York,10270,724
277,9 Burrows Parkway,Boston,Massachusetts,02283,723
278,791 Lindbergh Trail,Galveston,Texas,77554,722
279,9366 Talisman Way,Omaha,Nebraska,68197,721
280,3 Menomonie Parkway,New Orleans,Louisiana,70179,720
281,4 Kedzie Parkway,Saint Petersburg,Florida,33731,719
282,23535 Kingsford Street,Kansas City,Missouri,64130,718
283,54 Annamark Way,Baltimore,Maryland,21216,717
284,009 Lotheville Street,Detroit,Michigan,48258,716
285,4303 Kensington Crossing,Stockton,California,95298,715
286,6 Maywood Circle,Pasadena,California,91186,714
287,245 4th Hill,Fort Worth,Texas,76134,713
288,144 Vermont Center,Fresno,California,93740,712
289,85 Dawn Lane,Dallas,Texas,75379,711
290,383 Hovde Park,Salt Lake City,Utah,84152,710
291,0275 Mallard Road,Los Angeles,California,90035,709
292,86917 Manitowish Lane,Philadelphia,Pennsylvania,19141,708
293,622 Kropf Lane,Escondido,California,92030,707
294,2767 Elka Alley,San Jose,California,95173,706
295,48 Commercial Circle,Idaho Falls,Idaho,83405,705
296,59 Crowley Way,Amarillo,Texas,79188,704
297,140 American Place,Danbury,Connecticut,06816,703
298,790 Reindahl Alley,Boston,Massachusetts,02283,702
299,78723 Forest Street,Metairie,Louisiana,70005,701
300,36 Sachs Park,Bridgeport,Connecticut,06606,700
301,2574 Mcguire Place,Grand Rapids,Michigan,49510,699
302,92880 Loftsgordon Crossing,Kent,Washington,98042,698
303,436 Crescent Oaks Drive,Albuquerque,New Mexico,87195,697
304,55891 Sycamore Park,Stamford,Connecticut,06912,696
305,213 Independence Avenue,North Las Vegas,Nevada,89036,695
306,21831 Meadow Valley Drive,Pensacola,Florida,32590,694
307,44 Hagan Terrace,Katy,Texas,77493,693
308,33208 Towne Court,Harrisburg,Pennsylvania,17105,692
309,08656 Forest Street,Boise,Idaho,83732,691
310,2 Pine View Hill,Tacoma,Washington,98424,690
311,31849 Sundown Place,Shreveport,Louisiana,71137,689
312,6 Aberg Trail,Sioux Falls,South Dakota,57193,688
313,070 Golf Course Drive,Philadelphia,Pennsylvania,19120,687
314,46820 Canary Point,Chattanooga,Tennessee,37416,686
315,1781 Havey Junction,Oklahoma City,Oklahoma,73135,685
316,3072 Aberg Place,Wichita,Kansas,67260,684
317,77 Esch Trail,Springfield,Illinois,62718,683
318,346 Blaine Road,Montgomery,Alabama,36125,682
319,13301 Kedzie Street,Honolulu,Hawaii,96820,681
320,062 Rockefeller Avenue,San Diego,California,92105,680
321,47387 Onsgard Drive,Detroit,Michigan,48242,679
322,78 Debs Court,Greensboro,North Carolina,27404,678
323,85 Waywood Junction,Irving,Texas,75037,677
324,07291 Havey Alley,Los Angeles,California,90087,676
325,9 Mariners Cove Road,Saint Louis,Missouri,63104,675
326,363 Mayfield Alley,Tyler,Texas,75799,674
327,7 Bellgrove Circle,Memphis,Tennessee,38168,673
328,7 Menomonie Street,Newark,New Jersey,07188,672
329,895 Derek Junction,Harrisburg,Pennsylvania,17121,671
330,054 Bluejay Drive,Huntsville,Alabama,35815,670
331,589 Autumn Leaf Terrace,Charlotte,North Carolina,28299,669
332,1 Continental Hill,Seattle,Washington,98109,668
333,0 Cordelia Trail,Miami,Florida,33233,667
334,19 Browning Plaza,Columbus,Mississippi,39705,666
335,21647 Gulseth Hill,Honolulu,Hawaii,96835,665
336,33628 Corscot Crossing,Santa Barbara,California,93150,664
337,5809 Myrtle Junction,Boise,Idaho,83722,663
338,30606 Farmco Park,Kingsport,Tennessee,37665,662
339,91 Ohio Center,Boston,Massachusetts,02119,661
340,42 Sheridan Lane,Grand Rapids,Michigan,49560,660
341,3 Carioca Lane,Jackson,Mississippi,39204,659
342,973 Fremont Junction,Memphis,Tennessee,38181,658
343,73 Haas Point,Denton,Texas,76210,657
344,13824 Gulseth Crossing,Las Vegas,Nevada,89140,656
345,173 Mandrake Circle,El Paso,Texas,79911,655
346,3192 Clyde Gallagher Crossing,San Mateo,California,94405,654
347,647 Nova Plaza,Peoria,Illinois,61605,653
348,61 Dottie Center,Santa Monica,California,90405,652
349,8 Crescent Oaks Road,Santa Rosa,California,95405,651
350,26846 Darwin Circle,Houston,Texas,77040,650
351,20235 Haas Point,Portsmouth,New Hampshire,03804,649
352,3 Carpenter Court,Dallas,Texas,75216,648
353,8 Kennedy Road,Jamaica,New York,11470,647
354,8 Hauk Alley,San Jose,California,95133,646
355,13177 Westridge Road,Dayton,Ohio,45432,645
356,87 Mcbride Road,Lawrenceville,Georgia,30045,644
357,753 Nobel Hill,Lexington,Kentucky,40505,643
358,0 Eastwood Hill,Harrisburg,Pennsylvania,17105,642
359,79709 Marcy Park,Montpelier,Vermont,05609,641
360,35259 Montana Point,Bethesda,Maryland,20892,640
361,1014 Loomis Court,Cleveland,Ohio,44177,639
362,1 Chive Avenue,Albuquerque,New Mexico,87201,638
363,53 Kings Pass,Salt Lake City,Utah,84120,637
364,3980 Knutson Circle,Tampa,Florida,33680,636
365,1391 Clemons Park,San Diego,California,92153,635
366,21413 Petterle Crossing,Portland,Oregon,97216,634
367,80433 Shelley Circle,Norwalk,Connecticut,06859,633
368,0 Eggendart Point,Bakersfield,California,93399,632
369,289 Hermina Junction,Arlington,Virginia,22244,631
370,29 Gateway Avenue,Hartford,Connecticut,06152,630
371,90 Shasta Circle,Brooklyn,New York,11225,629
372,1 Gulseth Street,Oceanside,California,92056,628
373,15545 Tony Road,Colorado Springs,Colorado,80915,627
374,97 Merry Center,Baltimore,Maryland,21229,626
375,449 Erie Junction,Omaha,Nebraska,68105,625
376,41 Tomscot Center,Los Angeles,California,90076,624
377,63 American Ash Road,Anderson,Indiana,46015,623
378,6067 Lien Junction,San Jose,California,95108,622
379,5 Melody Hill,Lima,Ohio,45807,621
380,856 Summit Parkway,Irvine,California,92612,620
381,67707 Sachs Road,Brooklyn,New York,11225,619
382,2202 Di Loreto Hill,Albuquerque,New Mexico,87110,618
383,4 Mcbride Pass,Rochester,New York,14652,617
384,28605 Linden Parkway,Raleigh,North Carolina,27621,616
385,172 Myrtle Place,El Paso,Texas,79911,615
386,7648 Hansons Pass,Lubbock,Texas,79452,614
387,885 Green Trail,Fort Worth,Texas,76134,613
388,844 Monica Point,Los Angeles,California,90025,612
389,6 Butterfield Place,Sioux Falls,South Dakota,57105,611
390,5610 Shelley Plaza,Brooklyn,New York,11205,610
391,4874 Nobel Trail,Sacramento,California,94250,609
392,8694 Hoard Terrace,Grand Rapids,Michigan,49518,608
393,6 Thackeray Terrace,Fort Wayne,Indiana,46867,607
394,43928 Division Drive,Sacramento,California,94297,606
395,5678 Westend Circle,Portsmouth,Virginia,23705,605
396,0761 Fairview Trail,Harrisburg,Pennsylvania,17110,604
397,1787 Raven Crossing,Wilmington,North Carolina,28410,603
398,89718 Hoard Park,Philadelphia,Pennsylvania,19172,602
399,10 Sunfield Lane,Waco,Texas,76711,601
400,9 Caliangt Terrace,San Diego,California,92145,600
401,33 Stephen Pass,Las Vegas,Nevada,89155,599
402,202 Kim Point,Carson City,Nevada,89706,598
403,12864 Hoffman Court,Las Vegas,Nevada,89178,597
404,168 Burning Wood Drive,Austin,Texas,78783,596
405,33120 6th Terrace,Washington,District of Columbia,20370,595
406,99267 Sycamore Crossing,Kansas City,Missouri,64114,594
407,19 Warrior Circle,Fort Lauderdale,Florida,33355,593
408,1 Stephen Park,Boulder,Colorado,80305,592
409,1570 Maple Center,Washington,District of Columbia,56944,591
410,02908 Coolidge Alley,Phoenix,Arizona,85083,590
411,45 Blaine Point,Miami,Florida,33164,589
412,1058 Huxley Junction,Denver,Colorado,80204,588
413,6076 Comanche Point,Sioux Falls,South Dakota,57193,587
414,1 Heath Alley,Naples,Florida,34114,586
415,2929 Ruskin Center,Reston,Virginia,20195,585
416,24967 Sugar Court,Albuquerque,New Mexico,87190,584
417,9262 1st Junction,Montgomery,Alabama,36125,583
418,88696 Hintze Terrace,El Paso,Texas,88574,582
419,110 Schmedeman Pass,Washington,District of Columbia,20404,581
420,6271 Banding Street,Philadelphia,Pennsylvania,19136,580
421,959 Debra Alley,Salt Lake City,Utah,84135,579
422,3 Manufacturers Plaza,Lansing,Michigan,48901,578
423,1 Harbort Lane,Omaha,Nebraska,68144,577
424,2 Bluestem Lane,Monroe,Louisiana,71208,576
425,737 Michigan Parkway,Edmond,Oklahoma,73034,575
426,5 Drewry Alley,Saint Louis,Missouri,63143,574
427,84 Valley Edge Street,Portsmouth,New Hampshire,00214,573
428,5 Banding Park,Dallas,Texas,75353,572
429,3 Tomscot Circle,Humble,Texas,77346,571
430,998 Dakota Junction,Saint Louis,Missouri,63167,570
431,867 Sutherland Plaza,Dallas,Texas,75265,569
432,5 Maywood Park,New York City,New York,10175,568
433,47519 Shasta Point,Santa Monica,California,90405,567
434,4803 Vernon Court,Daytona Beach,Florida,32128,566
435,92 New Castle Street,Columbia,South Carolina,29203,565
436,7 Delaware Point,Seattle,Washington,98185,564
437,877 Raven Alley,Jackson,Mississippi,39210,563
438,286 Delladonna Street,Phoenix,Arizona,85077,562
439,11212 Loftsgordon Crossing,Las Vegas,Nevada,89145,561
440,7406 Warbler Park,Atlanta,Georgia,30375,560
441,81393 Caliangt Terrace,Montpelier,Vermont,05609,559
442,3 Mesta Place,Staten Island,New York,10310,558
443,28 Dapin Point,Louisville,Kentucky,40266,557
444,1881 Maple Wood Parkway,New Orleans,Louisiana,70179,556
445,010 Pleasure Parkway,Houston,Texas,77240,555
446,27359 Birchwood Way,Akron,Ohio,44315,554
447,511 Pennsylvania Center,Fort Wayne,Indiana,46896,553
448,4503 Nelson Parkway,Dallas,Texas,75358,552
449,135 Jana Street,Houston,Texas,77218,551
450,0061 Aberg Place,Daytona Beach,Florida,32128,550
451,0692 Golf Center,Norwalk,Connecticut,06854,549
452,416 Nobel Way,Tempe,Arizona,85284,548
453,12 Sugar Place,Fort Smith,Arkansas,72916,547
454,3 Mosinee Junction,Chicago,Illinois,60619,546
455,6551 Sauthoff Road,El Paso,Texas,88514,545
456,13917 Nobel Circle,Mobile,Alabama,36622,544
457,60 Oak Valley Street,Waterloo,Iowa,50706,543
458,74729 Blaine Place,South Bend,Indiana,46699,542
459,44712 Johnson Plaza,San Jose,California,95128,541
460,5573 Jana Plaza,Redwood City,California,94064,540
461,190 Weeping Birch Court,Hollywood,Florida,33028,539
462,9 East Crossing,Lawrenceville,Georgia,30245,538
463,516 Truax Plaza,Montgomery,Alabama,36195,537
464,481 Trailsway Parkway,Newport News,Virginia,23612,536
465,5 High Crossing Road,Hampton,Virginia,23668,535
466,0939 Gateway Park,El Paso,Texas,88553,534
467,29651 Stuart Point,Inglewood,California,90310,533
468,29767 Kropf Center,San Antonio,Texas,78230,532
469,702 Hansons Place,Chicago,Illinois,60636,531
470,66651 Service Circle,Milwaukee,Wisconsin,53277,530
471,6 American Hill,Dearborn,Michigan,48126,529
472,27 Porter Court,San Diego,California,92165,528
473,619 Arapahoe Parkway,Saint Louis,Missouri,63121,527
474,41 Namekagon Parkway,Minneapolis,Minnesota,55436,526
475,084 Rieder Center,El Paso,Texas,88546,525
476,512 Columbus Junction,Torrance,California,90510,524
477,29 Novick Crossing,Salt Lake City,Utah,84120,523
478,18 Summer Ridge Crossing,Rochester,New York,14639,522
479,41264 Grasskamp Court,Detroit,Michigan,48295,521
480,97890 Esch Drive,Sacramento,California,94297,520
481,7164 Eggendart Place,Wilmington,North Carolina,28405,519
482,0 Debs Way,Raleigh,North Carolina,27610,518
483,1 Anderson Terrace,Denver,Colorado,80217,517
484,39 Merchant Way,El Paso,Texas,88563,516
485,2695 Stoughton Avenue,El Paso,Texas,88525,515
486,704 Pepper Wood Avenue,Cleveland,Ohio,44111,514
487,67027 Ridgeview Drive,Evansville,Indiana,47705,513
488,60352 Hovde Street,Memphis,Tennessee,38119,512
489,0955 Hanson Parkway,Sarasota,Florida,34276,511
490,5352 Pond Trail,Atlanta,Georgia,30316,510
491,0 Shoshone Crossing,Tacoma,Washington,98424,509
492,49 Marcy Alley,Montgomery,Alabama,36109,508
493,74 Drewry Trail,Chula Vista,California,91913,507
494,875 Monument Hill,Albany,New York,12242,506
495,84 Main Place,Cheyenne,Wyoming,82007,505
496,98 Dayton Point,Milwaukee,Wisconsin,53225,504
497,67004 Springview Court,Denton,Texas,76205,503
498,65250 Pearson Terrace,Honolulu,Hawaii,96820,502
499,049 Towne Hill,Louisville,Kentucky,40293,501
500,373 Jana Junction,Birmingham,Alabama,35295,500
